DF;32;0
EO;82;1
SU;88;0
TL;89;1
M0;95;1
OI;96;1
GU;101;4
VO;103;1
CI;104;0
FN;112;0
TZ;116;0
MS;119;0
KM;122;1
KO;122;0
BZ;124;0
AM;127;1
WE;127;1
UP;128;1
OH;128;2
PI;128;1
TU;128;0
MO;130;8
IO;130;0
IL;133;0
EN;134;1
ER;137;1
M3;137;1
RU;140;1
03;142;5
RI;143;1
HT;143;1
46;144;0
GI;145;1
LG;146;0
LF;147;0
RL;148;6
15;148;2
WA;148;1
CH;148;1
NK;149;0
IN;149;1
WI;149;1
IR;150;0
OE;151;2
GM;151;1
43;152;1
IP;152;1
UV;152;1
RK;154;0
MR;154;1
RZ;155;8
OU;155;7
KÖ;155;1
98;155;1
ÄH;157;0
HI;157;1
ZT;157;4
OP;158;0
ZW;159;0
OZ;160;1
NF;160;2
IU;160;1
38;160;1
GZ;160;1
JE;161;1
MI;161;1
AT;161;1
KL;161;1
ST;162;1
TH;162;1
VI;162;0
IF;163;0
AN;163;0
TD;163;0
ET;164;1
OF;165;12
01;165;1
EH;165;1
CM;165;13
TO;166;6
SI;166;1
RW;166;1
IC;167;1
YI;167;1
QU;167;1
LE;168;1
AK;168;0
HK;168;0
OJ;168;1
NO;168;1
DU;168;5
LT;168;1
EA;169;0
US;169;0
IT;171;0
IS;172;1
UC;172;1
EU;172;1
ON;173;1
22;173;10
DA;173;1
NI;174;1
OC;174;8
EM;175;1
AI;175;4
AR;176;1
SL;176;3
OM;176;1
FM;176;1
SZ;177;1
KE;177;0
12;177;0
SO;178;1
UF;178;1
UT;178;1
ÄB;179;1
DO;179;0
IG;180;0
AU;181;0
CO;182;1
IH;182;5
UR;182;0
BI;183;21
WO;183;0
UA;183;1
KU;183;0
UB;184;6
18;184;1
HÄ;184;1
FE;184;1
JO;184;1
AS;184;0
IV;184;1
EI;184;0
KR;185;3
AH;185;0
HG;185;0
HO;185;1
40;186;4
OR;187;0
RO;190;1
HR;190;1
TA;190;1
ÄR;191;1
PF;191;0
HE;192;1
ÄN;192;0
LD;192;1
UD;193;1
ÖN;193;1
DN;193;4
OK;194;3
RE;194;0
MA;196;1
RN;197;1
TW;200;1
ÄT;200;1
UE;200;1
NR;200;0
IE;200;1
OS;200;1
FI;202;1
SN;202;0
NG;202;0
AG;202;1
AB;202;1
FO;203;9
RA;204;0
XI;204;0
UL;204;0
DI;204;0
ZI;205;6
ID;205;6
DR;206;1
RM;207;0
GE;207;1
PD;208;1
LR;208;1
IB;210;1
TS;210;0
NT;210;0
GA;210;0
JU;211;2
AL;211;1
SK;212;1
XP;212;2
EZ;212;2
PE;212;5
14;215;2
30;215;2
52;215;3
EK;215;1
86;215;1
KI;216;1
LL;216;1
PR;216;1
OB;217;1
ES;217;0
RR;218;0
EG;219;1
TE;219;1
TR;219;1
KS;220;0
19;220;0
LI;222;0
KD;223;0
BS;223;1
HC;223;1
20;226;0
BE;227;0
VA;227;2
FT;228;1
HA;229;1
02;229;0
GP;229;5
UN;229;1
CK;230;0
51;230;1
MÄ;230;4
OL;230;0
BA;231;1
HW;232;1
RY;232;0
BY;232;2
41;232;1
L9;233;1
KN;233;1
KÄ;235;1
ND;235;0
UK;235;2
PM;237;3
PW;240;1
0L;240;1
RG;243;1
VE;243;1
RF;244;1
RT;244;1
07;246;1
BR;247;1
XT;248;1
XC;248;0
FG;248;2
PL;248;2
FY;248;1
NU;248;1
NZ;249;1
EC;249;1
CE;250;7
FR;250;10
05;254;0
RÄ;255;0
S8;255;1
DE;255;0
ZU;256;1
NE;256;0
ME;256;0
HU;257;0
IA;258;0
UG;258;4
ML;259;3
EV;261;1
29;261;1
KH;262;0
SV;262;0
EF;265;0
DL;265;4
GR;266;0
SP;270;0
TG;271;0
MY;272;1
BU;273;0
GT;274;0
HL;275;0
NA;276;0
FF;276;1
RV;278;1
0N;279;1
TC;279;1
8P;280;1
09;281;1
NB;281;4
UM;285;1
FA;288;1
ßI;288;1
EX;288;1
TM;292;2
PA;293;1
ÄM;295;1
96;296;1
8M;296;1
S1;297;1
KT;298;0
04;301;1
O1;302;3
GS;304;1
AY;304;1
HN;305;6
MT;306;3
IM;306;3
CS;308;0
Z1;308;1
HM;311;3
SC;319;0
DS;320;0
FU;325;5
EL;326;0
0S;329;1
8T;334;1
AW;334;2
MU;335;0
MM;346;0
91;352;1
OT;352;1
10;356;1
RS;357;0
G1;360;1
Äß;361;1
CL;362;8
RD;364;0
LU;367;0
BH;372;2
TI;376;0
TT;378;0
LB;379;2
SF;380;0
LS;383;1
KK;384;1
F1;385;1
FV;387;0
LV;401;1
ZE;402;0
00;413;0
C1;416;1
CA;420;0
FD;439;0
AA;446;0
DJ;448;0
GC;456;1
FL;457;0
OD;468;0
SM;470;0
MB;472;1
LO;474;0
LA;483;0
4V;484;1
GN;484;0
SS;486;0
GJ;487;0
GB;487;1
EB;489;4
GH;496;1
RH;499;0
KA;511;0
FK;512;0
SH;516;0
HH;536;1
49;536;1
GF;536;1
YS;536;0
NS;538;0
MF;543;1
MD;552;1
BV;568;1
GL;579;0
EP;583;0
NC;583;0
AP;584;0
JT;591;1
PB;595;2
EW;608;0
GG;619;2
WS;624;1
RB;630;0
TB;649;1
OV;659;0
RP;665;1
ZZ;670;1
8X;673;1
MG;677;3
KV;680;1
T0;702;3
OO;711;1
NN;723;0
LJ;724;2
SG;725;0
LN;735;2
C0;796;0
C3;812;1
6I;825;1
EE;832;0
II;838;4
UU;841;1
TF;856;1
CF;861;0
NL;864;0
SE;912;0
CC;917;1
99;936;1
MC;937;3
BD;937;0
UO;952;1
VT;1023;0
NW;1028;6
DT;1040;0
7H;1113;1
SA;1132;0
FS;1145;0
VL;1145;0
HF;1161;1
NH;1193;1
RC;1210;0
HS;1335;0
PH;1345;0
G5;1346;1
ED;1368;0
60;1376;1
KB;1383;1
KZ;1384;1
CN;1402;3
AC;1437;0
VF;1504;1
Tß;1535;0
97;1600;0
3S;1713;1
TK;1719;2
E1;1728;2
CB;1745;1
JD;1816;1
KC;1832;1
CV;2002;0
AF;2011;0
TV;2040;1
90;2380;0
CR;2503;2
SW;2849;1
WW;2924;0
Z2;2948;1
SD;3496;3
XF;3720;1
VS;3768;0
81;4031;1
NV;4221;0
VC;4255;0
VX;4501;0
ZS;5016;1
WC;6657;1
XV;7552;0
AD;7556;0
OKM;123;1
222;124;8
EOK;145;1
M04;151;1
STI;151;3
MRE;154;1
EES;154;1
SLI;162;1
NST;168;1
HIB;169;1
EKO;173;3
MST;175;1
046;175;1
WEN;176;1
VON;176;1
TUT;177;1
ZWA;177;1
TLI;177;1
FEL;177;1
ATU;182;4
TOI;183;1
HRE;184;1
KTO;184;1
ETZ;185;0
KOR;185;1
CHI;188;1
KOM;191;0
KON;191;0
CIH;191;1
LIC;192;1
CHO;192;3
HTL;192;1
OUR;194;3
MOR;194;6
SIN;194;1
JET;196;1
HAR;196;1
SEN;197;6
COU;198;1
ERZ;200;2
RLA;201;2
ION;202;1
ERL;203;2
EHL;204;1
TIO;204;0
WER;204;1
ÄHT;205;3
ESL;205;1
FEN;205;0
IST;206;6
ERU;207;1
ERN;207;1
KAR;207;1
RUP;208;1
WIP;208;1
TEP;208;1
WIE;208;1
ERO;208;1
LIV;208;1
NOT;209;3
OIN;209;1
MID;209;1
LER;209;1
MIR;209;0
ZWE;209;1
ANK;210;1
IGU;210;3
TZT;210;3
IND;212;3
EIN;212;1
LFE;212;2
ING;212;5
REK;213;0
NIC;213;1
KTE;214;1
ILE;215;1
RLE;215;1
EIG;215;1
RIL;215;1
COM;216;0
ERI;216;0
FNE;216;1
NCI;216;0
LTU;216;1
NGM;216;1
HOP;217;2
ROJ;217;1
EAK;217;1
LEN;218;3
ZTE;220;2
OTE;220;2
RAU;221;6
SIC;221;1
NKE;221;1
WIR;223;1
BIN;223;2
RIS;224;3
NIS;224;0
GIN;224;0
LST;225;1
DIR;225;1
DOR;225;1
ATT;225;0
WIN;226;5
RMR;226;1
INE;226;1
KRI;228;2
MIT;228;1
MLI;228;2
HEU;228;2
TES;228;2
EIT;229;0
ICH;229;1
JER;229;2
SOU;229;3
TIG;230;5
HAF;231;1
DUS;231;1
OCH;231;2
AUB;231;2
HAH;232;1
LGR;232;2
NGA;232;1
CHÄ;232;1
ITE;232;7
RAN;232;3
MER;232;1
PRA;233;1
TEE;233;1
UEL;233;1
MIN;233;1
BIS;234;3
MEN;234;1
NOC;235;3
HIC;235;1
LET;235;4
MEI;235;6
TAT;235;1
INF;236;2
CHT;236;1
HTI;236;2
UCH;237;1
REA;237;0
DAN;238;1
ELF;238;2
FAL;239;0
INA;239;1
UTS;239;3
PRI;239;1
GIB;240;1
VIE;240;1
RZE;240;2
WOC;240;1
CHK;240;0
NNS;240;2
HIE;240;1
MAR;240;0
SID;240;1
RUB;240;2
438;240;1
EUF;240;1
ISE;240;1
ROZ;240;1
LID;240;1
RIE;240;3
IEH;241;1
SIT;241;1
ITS;241;0
KIN;241;1
EST;241;5
REI;242;1
WEI;242;1
GEN;242;1
ERW;243;1
RIF;243;2
ENT;243;1
ATE;244;1
WAR;244;5
HRI;245;3
EAN;245;2
TRE;246;1
NTS;247;1
NKT;247;2
ZEI;247;1
ROU;248;1
KAI;248;1
GAM;248;1
RIT;248;1
ONS;248;0
EML;248;2
SOE;248;2
MAC;248;2
LTS;248;1
AUF;248;5
UFE;248;2
DST;248;0
INI;248;1
IEG;248;2
OPF;248;2
OZE;248;1
HAT;249;2
ODO;249;1
RNE;249;1
DLI;249;1
LEA;251;0
DIG;252;2
EAS;252;2
UTH;252;5
ORK;253;3
EHT;254;1
RWE;254;1
NEC;255;1
FFN;256;0
ÄTZ;256;1
KÖN;256;1
CKI;256;1
RAG;256;1
BAN;256;1
SHE;256;1
ÄND;256;1
CHG;256;1
TAI;256;1
QUA;256;1
ARZ;256;1
AIL;256;2
ARA;256;1
CHA;256;1
JOB;256;1
RIG;256;2
TUE;256;1
HAU;256;2
SAK;257;1
BEO;258;1
KEI;258;1
CHR;259;4
EUT;259;7
400;259;2
EME;259;1
ARE;259;0
TOD;260;2
MEH;260;4
TET;260;3
DAS;260;6
BZW;260;0
GRE;260;1
NTE;261;1
AUC;261;3
IDA;262;1
BEK;262;3
USN;262;2
REN;262;1
IER;262;11
ILS;263;1
IGI;263;2
DIO;263;0
ENC;263;1
IVE;263;0
ICK;263;1
ETH;264;1
MAN;264;1
RFO;264;2
AIS;264;1
RAI;264;1
OJE;264;1
ANG;264;1
GUN;264;3
ÄRZ;264;3
DEN;265;1
TAR;266;0
OCK;268;2
RIC;268;1
LTI;268;2
NFO;268;2
PRO;269;1
TIA;269;3
CHE;269;1
FRA;269;5
IEM;269;1
EIB;270;1
HEG;270;1
AMM;271;0
CIS;271;1
DAR;271;1
IAT;271;1
FAC;271;1
ALL;271;1
VID;272;1
COS;272;1
TWO;272;1
WET;272;1
ONR;272;1
REL;272;1
KTU;272;1
RUD;272;1
UFM;272;1
IMO;272;1
EPA;272;0
ÖNN;272;1
MAS;272;1
BUL;272;1
ICO;272;1
ITA;273;5
URK;273;1
BSO;273;1
IDN;273;1
PIE;273;1
EIS;274;1
FIL;274;3
HTR;274;1
LEC;275;2
ORR;275;0
KTI;276;1
ALT;276;2
RRE;277;0
IHT;277;1
LLS;279;0
LEG;279;0
NBE;279;1
KMM;279;1
LDI;279;1
ELA;279;1
GEM;280;1
ANA;280;1
RUT;280;2
FOR;280;2
OUS;280;1
SAG;280;2
RAF;280;1
ENB;280;2
EKT;280;1
LLT;280;1
ZES;280;1
PER;280;2
SPD;280;1
INK;280;1
LGE;281;1
KRE;281;1
ULD;281;1
ERT;281;7
SCH;282;1
BIE;282;5
KUR;282;3
TAN;282;0
ANN;282;1
ACH;283;1
WOR;283;0
KÄH;283;3
DEM;283;2
ERD;284;1
NEU;284;5
LES;285;5
BUD;285;4
DIT;285;2
OLG;285;3
BEI;285;1
HAB;286;5
ODA;286;1
LLE;287;1
LRO;287;1
AKT;287;1
OMM;287;0
FEK;287;2
UVE;287;1
URL;287;3
HKA;287;1
KDA;288;1
FSK;288;1
SPW;288;1
RZT;288;1
ANB;288;1
SKO;288;1
MON;288;1
UEH;288;1
ZIG;288;1
NKS;288;2
UDI;288;1
THE;288;3
DIF;288;1
HÄT;288;1
AHA;288;0
RIH;288;1
CHW;288;1
HWA;288;1
URC;288;3
NNT;288;1
NGE;289;0
030;289;2
OUT;289;1
HEM;289;1
IEL;289;0
986;290;1
OLI;290;1
VAL;290;1
EHR;291;2
TER;291;0
SAN;291;2
ZIE;291;2
HOF;291;2
HCM;291;13
ARU;292;2
SIE;292;1
URZ;292;2
OHN;292;2
RTI;293;3
BEN;293;1
MMT;295;1
DER;295;1
USC;295;1
ZWI;295;1
ROL;295;1
EGG;295;1
BIT;295;9
THA;296;1
IRD;296;1
NDR;296;7
SOC;296;2
FFE;296;1
MTI;296;1
NAL;296;0
NVE;296;1
GER;296;5
VIB;296;1
SKE;296;1
GRI;296;1
SEH;297;0
ROB;297;1
NKL;297;1
DIA;297;1
AUS;297;1
303;298;2
UTE;299;4
ORI;299;2
TSC;300;0
AFF;300;2
SSE;301;1
GRU;301;1
STE;302;0
UME;303;1
TKA;303;1
ECK;303;1
GMA;303;1
TRI;303;1
WEG;303;3
FYI;303;1
ROP;304;1
FOL;304;3
AFT;304;1
VIC;304;1
MC0;304;1
OKT;304;1
FEH;304;1
HEL;304;1
ÄRD;304;1
UST;304;2
HER;305;1
MIC;305;1
ZUV;305;1
HGI;305;1
ERE;305;1
RAC;305;1
DAT;306;0
ARD;306;1
OEB;307;2
HIN;308;1
ARB;308;5
UND;308;1
DRI;308;3
198;309;1
RUN;309;1
UNS;310;1
HOM;311;4
LTE;311;1
ERF;311;6
UMS;311;0
TTW;311;1
RKE;311;0
FMA;312;1
IRR;312;1
KUE;312;1
GGE;312;1
TIC;312;1
KOL;312;1
SOL;312;2
SSI;312;1
GUR;312;1
AIO;312;1
NSA;313;1
ANI;313;1
IL9;313;1
JEK;313;1
ATR;313;1
KHT;314;5
ORM;314;2
NAG;314;2
UNG;315;1
NEN;316;9
DRE;316;5
NDE;316;1
TRU;316;2
OFE;316;2
ESE;316;1
ISN;316;2
ERÄ;317;4
RRY;319;1
TRO;319;2
DES;319;1
IEF;319;0
CEN;319;1
HEC;319;1
SLA;319;2
RKD;319;1
CHU;320;0
ALB;320;1
ONT;320;4
ASS;320;0
UFS;320;1
412;320;1
WIS;320;2
ERR;320;0
ULG;320;1
GZU;320;1
EZI;320;2
UNK;320;2
PLE;320;1
LIE;321;0
WAS;321;1
JUS;321;1
SCI;321;1
MUS;322;1
PEZ;324;2
HEI;324;2
GES;324;5
DEU;325;3
ORG;325;1
OFF;326;9
ASK;327;1
EDI;327;3
LLN;327;1
EGZ;327;1
RTE;328;2
CKE;328;1
OUN;328;1
ITT;328;1
ZUR;328;1
OKU;328;1
RAL;328;1
ELT;328;1
TAL;328;1
TEU;328;1
NUS;328;1
SNO;328;2
8M0;328;1
LGU;328;1
HAL;328;1
TIV;329;1
OTS;329;1
UFG;329;1
ARK;329;1
TMA;329;1
EET;329;1
ODE;329;0
IFF;329;1
VER;330;1
STA;330;0
LAU;330;8
AND;330;1
ÄBE;331;1
LSO;332;3
ESC;332;3
ISC;332;0
THO;333;0
ECH;335;1
MAI;335;1
RTT;336;1
XIT;336;0
ANZ;336;1
IAN;336;2
OBI;336;5
SST;336;2
GAB;336;1
KUM;336;1
UNT;336;1
UBE;337;4
RDE;338;1
ATA;338;1
INZ;338;3
INW;338;4
LUK;339;2
ESA;340;3
FER;341;1
LEV;343;1
FFS;343;1
NBA;344;2
C00;344;1
TOC;344;2
NGS;344;1
HLE;344;0
UNV;344;1
EID;344;2
BRA;344;2
MME;344;1
SPR;344;1
IED;344;1
AHR;345;1
DRA;345;1
XPL;345;1
RGE;345;1
LEI;346;0
RED;347;2
020;347;0
ZEU;348;2
MÄR;349;3
NDO;349;1
TUN;349;1
RÄB;350;4
TRA;351;1
RTA;351;1
KIC;351;1
PAD;351;1
RSC;351;1
EGE;351;0
EGT;352;1
8PE;352;1
CES;352;1
ANE;352;1
TTM;352;1
EMA;352;1
HUL;353;1
EUG;353;2
SIM;353;1
KIE;356;2
RFA;356;2
BER;357;1
PAT;357;0
ISP;359;1
STO;359;2
JUN;359;1
IUM;359;1
TCO;359;1
ARV;359;1
BED;359;1
0LE;359;1
ITC;360;1
UGR;360;1
IBE;360;1
KS1;360;1
SDA;361;1
GRA;364;0
STR;364;3
ENN;364;6
KUA;365;1
USS;365;4
COL;367;1
IHN;367;3
NEH;367;1
AUT;367;5
ABY;367;2
OLL;367;1
KAS;368;1
202;368;2
LLO;368;1
FRI;368;1
ABS;368;1
BES;368;1
ETT;368;1
UKA;368;2
RRR;369;1
RES;370;5
ATI;370;0
TEN;373;0
OLA;374;1
EDE;375;1
EXI;375;2
EDL;375;2
IS8;375;1
LAN;376;1
00L;376;1
ESO;376;3
OMA;377;4
BAR;378;1
ABE;380;0
DAB;381;1
IGE;381;0
NIE;382;4
18M;383;1
UMC;383;1
SAB;383;1
LIS;383;4
ZUB;383;1
UNE;384;0
ETR;384;1
EXP;384;1
010;384;1
NIN;384;1
TSD;384;1
AGE;384;2
ZUG;388;2
KED;389;1
GPM;389;3
RRT;390;1
ESS;391;2
FFT;391;1
DAY;392;1
AGT;392;2
IBR;392;1
ETA;392;1
141;392;1
PLR;392;1
INT;392;0
NTG;392;1
RFE;395;2
NZU;395;2
TZ1;396;1
519;398;1
EHM;399;1
KNN;400;1
ÖNE;401;1
CLE;401;3
EDR;401;3
REC;402;1
ELL;406;0
140;407;1
EBE;407;3
ANU;407;1
052;407;2
MIE;407;1
HME;408;1
NSM;408;1
RBR;408;1
REM;408;1
120;408;1
BAH;408;1
ALI;408;3
NTR;408;4
ISL;409;1
OBA;411;2
ANS;413;0
NZI;415;2
EVA;415;1
HED;416;1
405;416;2
RCE;418;3
ERS;421;0
RAB;423;1
NCE;423;1
ECE;424;1
915;424;1
ßIG;424;1
MÄß;425;1
AUD;429;6
RBE;430;0
8TH;431;1
RMI;432;1
RSI;432;0
MGE;433;1
SVE;433;1
TEL;434;0
051;438;1
TRY;439;1
CKK;440;1
NER;440;0
SPE;440;3
RSZ;440;1
XCE;440;1
SAP;441;1
SNE;441;1
FON;442;3
AWA;445;1
LOB;447;2
ART;447;0
PAR;448;1
CHC;448;9
FST;448;0
FGT;448;1
NG1;449;1
196;449;1
LO1;449;3
IGT;452;2
LAW;456;2
PDL;456;1
XPW;456;1
MED;456;1
EXT;457;1
GTH;457;1
USF;460;3
ATM;463;1
FDA;463;3
TGR;463;0
DOK;464;1
TEI;464;0
105;465;0
DNE;466;3
RVE;471;1
EXC;471;1
RHE;472;1
BET;472;2
203;472;1
KKU;472;1
RUM;475;2
ZIA;476;2
0SV;481;1
GEF;482;1
SFA;486;3
CSV;488;1
BUC;488;0
SMA;492;0
EFE;495;1
UGE;496;1
RTS;496;1
NNE;498;0
RTR;499;2
FUN;502;5
LLL;504;1
ASA;504;1
BE1;506;1
000;506;3
EMY;511;1
ALS;512;0
C18;513;1
GSP;520;1
HAN;527;0
MBI;528;1
F14;529;1
AAU;529;1
ROR;535;2
HCH;536;1
SOR;536;2
GNI;536;2
DJE;536;2
CLA;539;5
ISI;540;2
ÄMM;543;1
KÄM;543;1
DET;543;1
UPB;544;1
TSH;548;0
NAU;549;2
IES;549;0
CAR;552;1
LBA;560;2
NGH;560;1
BHM;560;1
ONK;560;1
ERH;564;0
TTA;569;2
GJO;575;0
TST;575;1
ESI;575;0
TEX;576;1
MLU;584;1
AAA;585;13
HNE;588;3
TTE;591;0
ISS;592;0
229;594;1
FRE;597;3
CHL;597;3
SSC;600;1
UAA;600;1
ÄßI;600;1
IAL;607;0
IIT;608;1
ZTS;608;1
THH;608;1
ENE;609;0
DEK;624;1
LIN;629;3
EKI;632;1
TII;633;1
FLL;640;1
DEI;644;0
UGN;644;2
NAA;645;1
RGC;647;1
NOV;648;1
NEL;649;1
YSL;657;1
CMD;659;1
ERA;660;2
LLB;663;1
GHA;664;1
GFA;664;1
GCO;664;1
RGJ;664;0
RHA;666;0
SCO;669;0
DIE;670;0
ENG;672;0
MYS;672;1
REW;679;1
GBE;680;1
0NA;683;2
RSO;687;1
ORD;687;0
EGB;687;1
04V;696;1
EWI;696;1
FKI;697;1
HML;697;1
AHC;703;1
HEE;704;0
NWI;704;4
004;704;1
HHA;704;1
LSM;711;1
FGF;712;1
SMÄ;712;1
RFV;712;1
INO;712;1
IDE;712;2
UAR;718;1
BVE;719;1
SSO;719;2
PWS;720;1
ORO;720;1
NGR;723;2
SAL;724;2
THN;728;1
OVI;735;0
SEL;735;1
ONI;736;1
EKU;736;1
INS;736;2
BUB;744;1
38X;745;1
TBU;745;1
ATH;752;1
RDN;754;3
MDA;754;1
IMU;760;1
CER;760;1
MFE;768;1
FFR;775;1
SSP;783;1
GLO;783;2
MAT;784;0
CMF;791;1
T01;799;3
ROO;800;1
NBH;800;1
AT0;809;3
OOR;815;1
CAT;815;1
TRP;816;1
491;816;1
RNO;817;1
ORE;823;3
SMT;840;1
LUR;840;1
WSM;848;1
LSH;848;1
PRS;857;1
TMU;864;1
MUM;864;1
APB;864;1
FDJ;868;2
RLU;871;1
SUU;872;1
NEE;872;0
ISA;872;1
46I;881;1
RPA;881;1
SHA;881;1
NSI;894;0
6IU;897;1
KAN;899;5
DSM;904;2
CC3;907;1
TFU;913;1
ROV;921;1
NLE;929;0
LED;944;1
EII;946;3
NSC;965;0
ZZZ;975;1
ELI;984;2
IIE;988;3
GIT;993;1
PBE;998;1
FVE;999;1
RTF;1000;1
APR;1001;1
003;1002;2
049;1016;1
UUN;1024;1
FFG;1025;1
OBD;1025;0
DFA;1032;1
EEN;1035;0
200;1044;2
NKA;1048;1
DLJ;1049;1
EFF;1057;1
UOU;1070;1
ENS;1096;0
VTE;1112;1
L99;1120;1
109;1120;0
OUO;1121;1
CFV;1129;0
PBU;1135;1
ANT;1135;1
TAC;1142;1
DTE;1144;1
SVT;1168;1
MCS;1168;1
GGP;1176;1
ACL;1182;1
OTI;1200;1
IOT;1216;1
7HE;1224;1
EIC;1229;0
SSD;1240;1
LJT;1279;1
BDE;1280;1
HTE;1294;2
VLE;1312;1
NHO;1312;1
EBI;1321;1
ERB;1327;0
REB;1329;1
SZZ;1329;1
HFR;1336;1
DNN;1377;1
CMC;1391;2
MGP;1391;1
GPH;1408;1
ALN;1421;1
ZTT;1431;1
MMA;1431;1
MMM;1432;1
TTZ;1438;1
EPI;1439;1
LVL;1442;1
RKB;1455;1
LNS;1456;1
NNO;1456;1
PMG;1472;1
NG5;1483;1
KBE;1495;1
G52;1506;1
KZU;1529;1
601;1537;1
PEP;1561;1
ZEM;1568;1
PHA;1576;1
C04;1592;0
NDU;1613;1
960;1615;1
END;1633;0
522;1633;1
220;1636;0
NTT;1656;1
STT;1664;1
TTß;1680;1
ODI;1697;1
CCH;1711;1
197;1713;1
SOD;1733;1
03S;1752;1
MCH;1756;1
CRA;1768;1
NEB;1792;1
ITK;1836;2
VFR;1848;1
RAA;1862;1
ICB;1872;1
CKC;1872;1
CBE;1889;1
KCH;1912;1
RBA;1915;0
IEI;1943;2
3SA;1961;1
SHS;1966;1
EEI;1992;1
MES;2104;1
FSC;2139;2
TVI;2144;1
HSA;2144;1
JDS;2176;1
RTV;2185;1
LJD;2416;1
907;2450;1
290;2485;1
ZZE;2528;1
NSO;2528;0
AAL;2568;0
97H;2648;1
ACN;2656;1
CKV;2744;1
ITI;2883;2
LSS;2920;1
ALO;2928;1
CKA;2968;1
LOR;2969;1
Z20;3069;1
CNV;3216;1
HE1;3232;1
SCF;3240;1
E14;3279;1
RNN;3288;1
NND;3288;1
ACR;3615;1
NWA;3623;1
PFS;3880;1
CRN;3976;1
SER;4052;0
SCV;4152;0
ERC;4185;0
S81;4215;1
XFU;4257;1
RCL;4457;1
LLA;4512;1
TKZ;4535;1
TIN;4641;1
810;4855;1
VCV;5043;1
WWW;5056;1
ZSV;5183;1
LAA;5432;1
VSS;5517;3
NNL;6248;1
CVS;6773;0
CVC;6880;3
CVX;8665;0
NAC;9154;0
SDL;9417;1
NAF;9469;1
AFD;9630;1
SAA;12672;1
RNV;13359;1
TED;14768;1
EDA;14856;1
SAD;15926;1
2222;161;7
EOKM;204;1
STEL;207;1
EINS;217;1
ATUT;225;1
MREI;225;1
RMRE;226;1
REIT;231;1
INST;232;1
TLIC;233;1
M046;239;1
JETZ;244;1
MSTE;247;1
EKOM;248;3
CHIB;248;1
NKTO;248;1
SLIN;249;1
OINI;249;1
CHTL;256;1
ISTE;257;1
TIGU;258;3
CHIE;263;1
EEST;264;1
KONT;264;1
OTEP;264;1
ZWAR;264;1
ISTI;264;3
TEES;265;1
EING;265;1
EHLE;269;1
RLET;271;1
MEIN;271;4
TUTS;272;1
HREI;272;1
ZTEN;272;1
LEAS;272;1
SIND;272;2
HLER;273;1
MLIC;276;2
TZTE;276;2
RLAU;277;2
CIHT;278;1
KTOI;279;1
ESLI;279;1
OKMM;280;1
IERU;280;2
CHRE;280;1
HTLI;280;1
IESL;280;1
UFEL;281;1
HEUT;281;1
NOTE;284;2
RIST;285;3
LIST;287;1
DANK;287;1
CHOP;288;2
ATIO;288;1
NICH;288;1
LFEN;288;1
ERLE;288;1
HTIG;288;2
TUEL;288;1
FERN;289;1
RICH;289;1
MERN;289;1
SING;292;1
CHIC;292;1
LING;292;2
ETZT;295;3
EICH;295;1
LETZ;295;4
TOIN;296;1
ERZE;296;2
KTIO;296;1
NGAM;296;1
LIEG;296;1
ALTU;296;1
EUFE;297;1
STIA;298;3
CHTI;300;2
KRIE;300;2
JERI;300;2
TION;301;1
ELFE;303;2
IONS;303;1
TATU;303;4
KEIT;304;0
SICH;304;1
DATI;304;1
MIND;304;1
VIER;304;1
ICHT;304;1
SOUR;304;3
EMEN;304;1
WEIT;304;1
CKIN;305;1
TEST;308;2
GINA;308;2
KONR;310;1
HICK;311;1
ANNS;311;2
PRIL;311;1
EINE;311;1
ANKE;312;1
ICHI;312;1
INIE;312;1
RAUC;312;1
NKTI;313;1
LESE;313;1
ESEN;313;1
ROJE;313;1
LGRE;316;2
RZEI;316;2
CHAU;316;2
NOCH;316;2
WEIS;317;1
HRIS;317;3
NCIH;319;1
EUTS;319;2
HELF;319;2
BIST;320;1
ALID;320;1
ICHE;320;0
SIEM;320;1
ISER;320;1
KING;320;1
ERNE;320;1
RHAR;320;1
HOPF;320;2
MACH;321;1
BEOK;321;1
MIDN;321;1
FENB;321;1
AHAH;321;1
TREI;322;1
EIGE;323;1
HTRE;323;1
LEAN;323;2
RIGI;324;2
REIC;324;2
KORR;325;0
CHAF;325;1
VERL;327;1
IVER;327;1
GREI;327;2
TERO;327;1
ROZE;328;1
EUTE;328;2
LIDA;328;1
LERH;328;1
ENEN;329;1
ORMR;329;1
EITE;329;7
BEKO;331;3
EMLI;331;2
KÄHT;331;3
EREN;331;4
ERWE;332;1
WERD;332;1
ORRE;333;0
IATI;334;1
RICK;335;1
EKTE;335;1
ERFO;336;2
DLIN;336;1
EITS;336;1
SIER;336;2
UTET;336;1
LAUB;336;2
FRAN;336;1
MEHR;336;1
CHÄT;336;1
WARZ;336;1
REIB;337;1
NENT;337;1
PROZ;337;1
IGEN;337;1
TODO;338;1
WENN;339;4
GUNG;340;2
URLA;340;2
MORG;340;5
FRAU;340;2
KOMM;340;0
CHRI;341;3
SCHI;341;1
CHER;342;1
LIVE;343;1
INER;343;1
WISC;343;1
RAUS;343;3
HÄTZ;344;1
UEHT;344;1
CHWA;344;1
INFO;344;2
HAFT;344;1
SKON;344;1
LSTE;344;1
ENTS;344;1
DERZ;344;2
ARZT;344;1
SCHO;344;2
PIEL;344;1
KAIS;344;1
RUTH;344;2
KÖNN;344;1
INGE;344;2
AUFM;344;1
LLEN;345;3
RSIC;345;1
IEML;345;2
SIEH;345;1
CHAL;347;1
ERTI;347;2
STAN;348;1
MENT;348;1
REKT;348;0
ITAR;351;5
UCHE;351;2
FMAN;352;1
KURZ;352;2
AKTI;352;1
IGIN;352;2
LISA;352;1
AISE;352;1
LLST;352;1
NFOR;352;2
NGEN;352;1
SERW;352;1
ENTE;352;1
TERN;352;1
DARA;352;1
OZES;352;1
FFEN;353;9
IEME;353;1
ÄHTR;354;3
KEIN;355;1
LECH;355;2
FEHL;356;1
RREK;357;0
HARD;357;1
DERN;357;3
IDAT;358;1
RNEU;358;4
NTER;358;1
TENT;358;1
DSTO;358;1
CHKA;359;1
WEGZ;359;1
KART;359;1
WIRD;359;1
OFFN;359;1
AKTU;360;1
WIED;360;1
CHEG;360;1
ROUS;360;1
TWOC;360;1
ATTA;360;1
OURC;360;3
AUFE;360;1
TAIL;360;1
FFNE;360;1
TEPA;360;1
UMEN;360;1
RKEI;360;1
INKL;361;1
PRAC;361;1
AUCH;361;1
WORK;361;3
SOLI;362;1
MICH;362;1
ITER;362;2
FEKT;363;2
NTSC;363;2
RWEI;364;1
FILE;364;3
GMAN;366;1
DARU;366;1
RUDI;367;1
KMME;367;1
AUFG;367;1
UMST;367;1
SSEN;367;5
INAL;367;1
RNEC;367;1
HAUS;367;1
USCH;367;1
UVER;367;1
NGMA;368;1
LDIG;368;1
NVER;368;1
RANZ;368;1
ITTW;368;1
FOLG;368;3
FSKO;368;1
ILES;368;2
BULG;368;1
IEGT;368;1
ULDI;368;1
ÖNNE;368;1
STEN;368;0
OLIV;369;1
TMAN;369;1
NSAK;369;1
HIBE;369;1
NIEL;371;2
0303;372;2
MITA;373;5
AUTH;373;3
BEIT;373;5
TSCH;374;0
REAS;375;1
IELT;375;1
TKAR;375;1
ZIEM;376;2
ELLE;376;1
CHGI;376;1
BRAU;376;1
ZEIT;376;1
ESTE;376;1
RAIO;376;1
HALT;376;1
TEUF;376;1
ANKS;376;2
THAN;376;1
HIED;377;1
LEIT;377;1
PROJ;377;1
DEIN;377;1
RACH;377;1
ALSO;378;3
HWAR;378;1
DATE;379;0
VERS;380;1
ISNO;380;2
GRIF;383;1
NDES;383;1
OMMT;383;1
TTWO;383;1
UTHE;383;2
CISP;383;1
8M04;384;1
CHEI;384;2
UNGA;384;1
OJEK;384;1
DASS;384;1
RIEG;384;1
RKDA;384;1
UNGM;384;1
DENE;384;3
AUSN;384;1
IMON;384;1
DREA;384;3
GEME;384;1
ELLS;385;1
BUDI;385;4
RDEN;385;1
ÄNDE;385;1
IERT;386;3
DRIC;386;3
ERUN;387;1
MMEN;387;1
UDIO;388;5
FUNK;388;2
OFFE;389;8
NDER;389;1
NDRE;389;5
RANS;389;2
SCHA;389;0
ORGE;391;5
ODER;391;1
OCKI;391;1
NGER;391;2
ALLE;391;0
ESCH;391;2
ESAG;391;2
NISN;392;2
GGER;392;1
ERFA;392;1
ARTE;392;2
GAMM;392;1
SCHÄ;392;1
EPAD;392;1
TRIT;392;1
RFAL;392;1
CENT;392;1
DERE;392;1
VALI;392;1
RWET;392;1
ERDE;392;1
ERAL;393;1
AIL9;393;1
ATRI;393;1
DIAT;393;1
RIFF;395;2
MANA;396;5
TIAN;396;2
UTSC;396;2
OLGR;396;2
RUBE;396;2
HEGG;397;1
OMME;397;1
IERE;397;5
IGUN;397;3
EHTR;398;1
RHAF;399;1
RUNG;399;1
LLEG;399;0
AFFE;399;2
ENNT;399;1
INGS;399;1
EGEN;399;1
IELA;399;0
FALL;399;5
KTUE;400;1
HAFF;400;2
GRUB;400;2
DEST;400;1
BIER;400;5
LLES;400;1
LTET;400;1
HECK;400;1
KUEH;400;1
SCHK;400;1
AUFS;400;1
IBEN;401;2
ORIG;403;2
FORM;403;2
MANN;403;1
HOFE;403;2
STAT;403;1
ANIE;404;2
SOEB;404;2
DEUT;404;3
FERT;405;2
ASKE;407;1
MAIL;407;1
TRIF;407;1
HEID;407;1
ISAB;407;1
FFSK;407;1
ASSE;408;5
ISCH;408;1
ZURK;408;1
LESC;408;1
UFMA;408;1
GRUP;408;1
RTET;408;1
INDE;408;1
SCHR;408;1
ALTE;408;1
ERSC;408;1
PROB;409;1
SAKT;409;1
AILS;409;1
TOCK;409;2
ROBI;411;5
MÄRZ;411;3
SNOT;411;2
ERÄB;411;4
VERW;412;1
COUN;414;1
INEN;415;1
ANBE;415;1
SSOU;415;1
18M0;415;1
EIBE;415;1
ANDE;416;1
ORRY;416;1
UDIT;416;1
TRAG;416;1
CHUL;416;1
EROR;416;1
PLEA;416;1
NICO;416;1
STRU;416;2
TTER;416;1
EDIT;416;1
ICKE;416;1
ERTT;416;1
ARES;416;1
RENC;416;1
LLTS;417;1
SEHR;417;1
NKS1;417;1
ABSO;418;1
NEUT;418;3
RSCH;419;1
FERE;420;2
NDOR;421;1
ESOU;421;2
TUNG;421;1
SCHE;422;1
WINW;422;4
UNEN;423;1
EANI;423;1
TROU;423;1
SIDE;424;1
LTUN;424;1
ETAI;424;1
ÄBER;424;1
ENBA;424;2
OLLT;424;1
VERA;424;1
GERS;424;1
UGRI;424;1
ZWIS;424;1
UBER;424;1
NECE;424;1
ITKA;424;1
LAUF;424;1
ELIS;424;1
ECHT;424;3
ULGU;425;1
UELL;425;1
THEM;425;1
GESC;425;1
NTRO;428;2
RFOL;428;2
DANI;428;2
ANAG;428;2
OBIE;429;5
HAHA;431;1
IEDE;431;1
ORKD;431;1
USST;431;2
SHEE;431;1
ALLO;432;1
OFER;432;2
IEGE;432;1
RITT;432;1
KRED;432;1
8PER;432;1
MASS;432;1
INZI;432;1
EGGE;432;1
PEZI;432;2
MART;432;0
KUME;432;1
SIMO;433;1
ITSD;433;1
FRIE;433;1
HEMA;433;1
LBAN;433;1
TRIC;434;1
TARB;435;5
UNTE;435;1
SAND;435;2
VERT;435;2
UNKT;435;2
THOM;437;4
ESCI;437;1
ENTG;437;1
MC00;439;1
SOLL;439;1
TCOM;439;1
JUNG;439;1
WETT;440;1
EIS8;440;1
TRAN;440;1
EDIG;440;1
KTIV;440;1
ALBA;440;1
RTIG;440;2
ITCO;440;1
TSDA;440;1
ZUVE;440;1
BRAI;440;1
OLGE;440;1
RIED;441;1
SPRA;441;1
UBEK;441;1
SITC;441;1
WARU;441;1
STAR;443;2
HERR;443;1
REDI;444;2
1986;444;1
ANIN;445;1
ROLL;447;1
HOMA;447;4
ETTE;447;1
ENCE;447;1
IFFS;447;1
ARKE;448;1
ITTE;448;3
USSI;448;1
TALS;448;1
LANG;448;1
RALT;448;1
OUSS;448;1
EREC;449;3
HULD;449;1
HEET;449;1
IFFE;451;1
TRUT;452;2
INWI;453;3
NWIN;453;3
ONTR;453;3
BITT;454;8
ISPW;455;1
ITTM;455;1
CLEA;455;2
HMEN;456;1
TAND;456;1
TROL;456;1
KIES;456;2
EDLI;456;1
UFSC;456;1
KOLL;456;1
KÖNE;456;1
SCHW;456;1
ONSM;456;1
ERTR;456;1
UNGE;456;0
ALLN;456;1
EISC;457;1
RESI;457;1
IANE;457;1
ANSA;458;1
AUSS;459;2
BARE;459;0
ELLO;460;1
GESA;460;3
OLLE;460;0
TERÄ;461;4
LGUR;463;1
TART;463;2
GRAF;463;1
VIBR;464;1
ICOL;464;1
SORR;464;1
KHTR;464;5
0LES;464;1
HALL;464;1
BSOL;464;1
ANDR;465;7
SCHU;465;1
URCE;466;3
HINZ;467;2
RFEK;467;2
DIFF;468;1
5198;470;1
NAGE;470;2
PLRO;471;1
OEBE;471;2
EBEN;471;2
IUMC;471;1
ISLA;472;1
EDIA;472;1
SCIS;472;1
USTR;472;1
NUSC;472;1
KICK;472;1
EINZ;472;1
AGEM;472;1
LUKA;472;2
CHED;473;1
ETRI;473;1
SDAT;473;1
ERFE;475;2
GABY;476;2
FERU;478;3
RECH;479;3
COLA;479;1
ERBR;479;1
UNVE;479;1
MMER;479;1
1412;480;1
GEST;480;1
FFER;480;1
UTEN;480;2
BARK;480;1
IRRT;480;1
KNNE;480;1
RESS;480;1
NDRA;481;1
XPLR;481;1
ECHG;481;1
WISL;481;1
SAGT;484;2
ARBE;485;5
EGZU;487;1
ERED;487;1
RTAL;487;1
NZIG;488;1
AUST;488;2
RBEI;488;5
MIER;488;1
JEKT;489;1
EDEU;489;1
LIEF;489;3
TSHE;489;1
INZU;491;2
IEDR;492;3
RESO;495;3
HELL;495;1
00LE;495;1
ANUS;495;1
BESC;496;1
DOKU;496;1
ESTA;496;1
REID;496;1
GZUB;496;1
ZUGR;496;1
IHNE;496;2
ANDO;497;1
IBER;502;1
RMIE;503;1
VERB;504;1
ESSO;504;1
SNEH;504;1
SMAR;504;0
OKUM;504;1
UMC0;504;1
RTRA;504;1
EDRI;505;3
ERRR;505;1
TTMA;505;1
INTE;505;0
KANN;507;4
2020;507;2
EXIT;508;2
ÄTZ1;508;1
ERSI;508;0
BERE;508;3
TEIG;511;2
DIGT;511;2
HEDL;512;1
LAUD;517;5
STRI;518;1
NCES;519;1
RDER;519;1
IBRA;520;1
EHME;520;1
RÄBE;520;3
IFFT;520;1
MEDI;520;1
TGRU;520;1
PERF;520;1
EMED;521;1
NZUR;521;1
RBRA;521;1
CHEC;522;1
AUDI;522;6
KDAY;527;1
BUCH;528;0
CKKU;528;1
SPDL;528;1
PATR;529;1
ABEI;530;1
HEIN;531;1
FDAT;531;3
DABE;534;1
SVER;535;1
ÖNEN;536;1
1405;536;1
ERHE;537;1
C00L;537;1
SFAL;541;3
8THO;543;1
ORDE;543;1
ZUBE;543;1
ORMI;544;1
0105;544;1
SPEZ;544;2
SKED;544;1
CHCM;544;9
1203;544;1
USNE;551;1
RHEL;551;1
ARVE;552;1
TERH;552;1
REME;552;1
ANG1;553;1
ZEUG;553;2
AUSF;553;3
SLAW;555;2
FONT;557;3
UKAS;559;1
ANZI;559;1
ARTS;559;0
NGSP;560;1
OUNT;560;1
BEDE;560;1
SENS;560;1
EXPL;560;1
DATM;561;1
USFA;566;3
LAWA;567;1
ANSI;567;0
ARUM;568;2
RTSH;568;1
MUSS;568;1
NIER;568;2
4000;571;2
AUTE;572;2
FSTR;576;1
STEI;576;2
DATT;577;1
IEFE;578;0
HLEC;579;2
EFER;583;3
ICKK;583;1
LLO1;583;3
KKUE;584;1
STOC;584;1
NTGR;584;1
4052;584;2
EZIA;588;2
NEHM;591;1
GSPE;592;1
NNEN;594;3
TELL;598;0
RABE;599;1
KASA;600;1
ISIE;601;2
DJER;601;2
BETH;601;1
IGTH;601;1
LOBA;603;2
0519;606;1
BETR;607;1
IONK;608;1
SSTE;611;2
SALB;615;1
HANK;615;2
5196;616;1
VERF;623;2
RUPB;624;1
ASAL;624;1
DATA;628;0
GNIS;632;2
SMAN;640;1
TZTS;640;1
0SVE;641;1
1051;644;0
GJOB;647;0
ZUGE;648;1
HCHE;656;1
NZUG;656;1
TIIT;656;1
UAAU;657;1
LISI;660;2
NAUT;660;2
EXCE;663;1
SSCH;664;1
DNER;664;2
MÄßI;664;1
ÄMME;664;1
RTRI;671;1
NTRY;671;1
CHLE;672;3
TENG;672;1
EANS;672;1
NSMA;672;1
NAAA;678;1
ZIGE;680;1
ISSC;680;1
AAUF;680;1
ATEN;680;0
GBEO;681;1
DETA;687;1
AAAA;692;10
ZTST;695;1
FUNT;696;3
UGNI;696;2
TSTA;696;1
RSIE;696;1
IDEK;696;1
ABET;697;1
CLAU;705;5
ZIAL;708;2
NENN;712;2
NOVI;712;1
C18M;712;1
ABE1;713;1
UNTR;713;1
OVIC;719;1
GFAL;719;1
SABE;720;1
UTHH;720;1
TEXT;720;1
UGEF;721;1
F141;721;1
IALI;723;2
EUGN;724;2
FREI;725;3
UNGH;727;1
NGHA;728;1
GHAL;728;1
ERHA;730;0
ENSC;732;1
WEGB;735;1
ÄßIG;736;1
CARV;743;1
ALLB;744;1
ATIC;744;1
ERSO;751;1
RGJO;752;0
BERB;752;0
0NAU;752;2
SCOM;752;0
MLUK;752;1
AHCH;759;1
EKIC;759;1
REWI;767;1
IITT;768;1
HHAL;768;1
ORGC;769;1
KUAA;773;1
ERFV;776;1
THHA;776;1
SCHL;779;3
NGRU;783;2
KÄMM;791;1
DEKI;792;1
EWIN;792;1
HMLU;792;1
MYSL;793;1
YSLA;793;1
ALIS;796;2
QUAR;799;1
UTHN;799;1
BERS;800;1
IONI;801;1
NSCO;804;0
OROR;807;1
LSMÄ;815;1
BVER;816;1
IMUS;816;1
ONIE;816;1
FKIE;816;1
UFGF;817;1
BAHC;823;1
438X;825;1
MTII;825;1
ENGR;828;2
UTSH;832;1
FFRE;833;1
FGFA;840;1
ARTR;847;1
RSOL;848;1
EKUR;848;1
RBAH;848;1
RGCO;855;1
ARTA;855;1
ALSM;855;1
CMDA;861;1
SSPR;863;1
MATH;864;1
MDAT;866;1
PART;871;1
TBUL;873;1
ATRP;873;1
ILSH;878;1
EGBE;880;1
MFEH;880;1
UART;886;1
ORDN;887;3
BUBE;888;1
4915;888;1
ESEL;895;1
LBAR;895;1
OMAT;895;1
OORE;895;1
ORGJ;895;0
SORE;896;1
TTAN;897;1
ROOR;904;1
LLBA;904;1
HCMD;905;1
RNOT;905;1
AT01;906;3
EMYS;911;1
LURL;911;1
046I;912;1
SIES;912;1
ESOR;912;1
WSMA;912;1
ATMU;919;1
LROO;919;1
GERH;924;2
CATI;927;1
CERE;928;1
0004;928;1
NEEN;928;0
PRSZ;929;1
SHAL;936;1
ATHO;936;1
ELLT;937;0
IESI;943;1
PWSM;944;1
ENNE;944;1
ERES;944;1
RCER;952;1
BHML;953;1
46IU;953;1
FDJE;956;2
HCMF;959;1
URLU;968;1
SMÄß;969;1
GLOB;971;2
OVID;976;1
RPAT;977;1
FNEE;984;1
ORES;990;1
PROV;992;1
RLUR;999;1
REIS;1000;1
ROVI;1009;1
NSIN;1009;2
RDNE;1010;3
EIIE;1012;3
CMFE;1016;1
LEDL;1024;1
TRPA;1032;1
NBHM;1040;1
LSHA;1041;1
SUUN;1055;1
FVER;1056;1
INOV;1056;1
RTFU;1057;1
REII;1064;1
ERTF;1064;1
SAPB;1065;1
GITI;1072;1
APRI;1073;1
SALL;1080;1
EISA;1087;5
ITIG;1087;1
EENB;1096;1
6IUM;1096;1
IIED;1099;2
TFUN;1103;1
TMUM;1103;1
NKAN;1106;1
HNEN;1112;1
HGIT;1114;1
ONKA;1120;1
2003;1120;2
JOBD;1121;0
PBER;1126;1
SSOR;1127;1
NLEV;1128;1
0030;1141;2
HEEN;1143;1
VTEE;1145;1
EIDE;1154;1
NSCH;1156;0
APBE;1159;1
THEE;1160;1
DERA;1160;1
UOUT;1160;1
DSMT;1161;1
HLES;1166;1
THNE;1177;1
RFVE;1184;1
GEFF;1185;1
DTES;1192;1
UPBU;1192;1
IDEI;1192;1
0200;1194;2
IL99;1200;1
0049;1200;1
FFGT;1201;1
ATAC;1205;1
PBUB;1207;1
EFFG;1209;1
RORD;1216;2
OUOU;1239;1
CMCS;1240;1
OTIO;1248;1
TANT;1254;1
SVTE;1257;1
IOTI;1272;1
7HEU;1273;1
0491;1296;1
ACLE;1310;1
MCSV;1312;1
TACL;1323;1
NENG;1336;1
AIOT;1344;1
USSD;1352;1
INSI;1352;1
OBDE;1368;1
CHTE;1372;2
HFRA;1385;1
CSVT;1399;1
BDET;1400;1
EBIN;1400;1
NHOF;1400;1
REBI;1401;1
ZZZZ;1412;0
VLEI;1417;1
IIES;1425;1
MGPM;1472;1
MORE;1481;1
DNNO;1488;1
RHAL;1489;1
MMAN;1489;1
AMMM;1495;1
ZTTZ;1495;1
NINS;1505;1
IDNN;1506;1
ING5;1507;1
HCMC;1508;2
MENS;1519;0
NNOC;1520;1
PMGP;1543;1
RKBE;1567;1
MMMA;1567;1
GPMG;1568;1
RZTT;1575;1
URKB;1576;1
KBEK;1584;1
EPIE;1584;1
DLJT;1584;1
ALNS;1590;1
RSZZ;1592;1
PEPI;1608;1
LVLE;1609;1
DIES;1639;0
GPHA;1639;1
DEII;1640;1
PHAL;1640;1
NG52;1643;1
LINO;1656;1
KZUG;1657;1
SELI;1696;1
ANTT;1704;1
ENDU;1712;1
6010;1713;1
NWIP;1744;1
ZEMY;1751;1
SPEP;1753;1
TTES;1760;1
ESTT;1768;1
STTE;1768;1
1960;1768;1
9601;1776;1
2202;1785;1
SODI;1790;1
5220;1795;1
LSOD;1832;1
NTTA;1833;1
CMCH;1835;1
RTTß;1847;1
BENE;1871;1
CRAU;1895;1
ENEB;1904;1
DITK;1908;2
MCHC;1911;1
ERAA;1927;1
303S;1945;1
CKCH;1952;1
TSHS;1967;1
VFRE;1968;1
C04V;1975;0
ERBA;1975;2
CCHC;1975;1
NEBE;1976;1
03SA;2000;1
ICKC;2001;1
KCHC;2016;1
ICBE;2016;1
3SAP;2041;1
EEIN;2064;1
ELIN;2088;1
HSAL;2210;1
FSCH;2235;2
ERTV;2241;1
TVIE;2248;1
RTVI;2289;1
GGPH;2409;1
RAAA;2551;1
2907;2555;1
ENSO;2568;1
SZZE;2633;1
NSOC;2665;1
AAAL;2719;1
ZZEM;2728;1
JDSM;2744;1
97HE;2759;1
197H;2761;1
SHSA;2775;1
LJDS;2776;1
2290;2818;1
G522;2946;1
ALSS;2999;1
NALO;3016;1
LORI;3048;1
ALOR;3057;1
CKAN;3096;1
ICKA;3104;1
KAND;3159;1
Z202;3207;1
IEIC;3224;1
GERB;3232;1
DIEI;3247;1
THE1;3312;1
RBAR;3313;0
RNND;3344;1
ERNN;3352;1
HE14;3400;1
ACNV;3432;1
SCFV;3448;1
E140;3455;1
NNDE;3455;1
NWAR;3735;1
OPFS;3937;1
CRNO;4032;1
PFSC;4039;1
LERC;4249;1
ACRN;4256;1
IS81;4335;1
XFUN;4464;1
ERCL;4521;1
RCLA;4575;1
ITKZ;4648;1
TKZU;4680;1
TINF;4744;1
EITI;4758;1
ITIN;4791;1
S810;5039;1
8109;5064;1
ZSVE;5392;1
LLAA;5551;1
NNLE;6313;1
CVSS;7804;2
CVCV;8480;3
VCVC;9084;1
ANAC;9257;0
ANAF;9559;1
NAFD;9726;1
AFDA;9734;1
SDLJ;10089;1
ERNV;13400;1
ATED;14829;1
EDAT;14904;1
TEDA;14905;1
ISAD;16055;1
22222;200;6
MEINS;281;1
MSTEL;287;1
RMREI;297;1
EINST;304;1
RLETZ;310;1
OINIE;313;1
ATUTS;320;1
NOTEP;320;1
TZTEN;328;1
SLING;328;1
ORMRE;329;1
ICHTL;335;1
HTIGU;335;2
HTLIC;336;1
TOINI;336;1
NKTOI;343;1
ETZTE;344;2
ERLET;344;1
CHTLI;344;1
RISTI;346;3
REICH;351;1
NKTIO;352;1
CHTIG;352;2
FERNE;352;1
IESLI;354;1
INIER;360;1
EOKMM;361;1
LESEN;361;1
EHLER;362;1
MEINE;364;2
ATION;365;2
IATIO;366;1
ESLIN;366;1
CHICK;367;1
ELFEN;368;1
CHREI;368;1
ERHAR;368;1
OKMME;368;1
TATUT;369;1
EUFEL;369;1
NICHT;369;1
ERZEI;371;2
TEEST;375;1
STELL;376;1
DATIO;376;1
HREIB;376;1
HRIST;378;3
EMLIC;379;2
BEOKM;380;1
LGREI;383;2
SICHT;383;1
CKING;384;1
HELFE;384;2
MREIT;384;1
RLAUB;389;2
KORRE;389;0
SICHE;391;4
CHOPF;391;2
SIERU;392;2
KTOIN;392;1
HLERH;392;1
EIGEN;392;1
TERNE;392;1
CHÄTZ;392;1
HEUTE;393;1
DRICH;393;1
LETZT;394;3
DANKE;396;1
SCHIB;399;1
RAUCH;400;1
NTERO;400;1
HTREI;400;1
CHIED;400;1
EKOMM;402;3
FORMR;403;1
BEKOM;405;3
ÄHTRE;405;3
IDATI;406;1
NCIHT;406;1
LIVER;407;1
WEITE;408;1
RZEIT;408;1
ALIDA;408;1
VERLE;408;1
SKONT;409;1
SCHOP;409;1
ISTIA;411;3
RIGIN;412;2
CHRIS;413;3
ORREK;413;0
SCHIE;415;1
URLAU;416;2
OTEPA;416;1
TIONS;416;1
STIAN;416;2
LISTE;416;1
KEITS;417;1
ERSIC;417;1
RSICH;417;1
IEMEN;418;1
FEHLE;421;1
LIDAT;424;1
EINER;424;1
WARZT;424;1
KEINE;424;1
FSKON;424;1
HALTU;424;1
PROZE;425;1
ERNEU;427;4
INFOR;428;2
IEMLI;429;2
NGMAN;431;1
KOMMT;431;1
KONTR;431;1
GEMEN;431;1
KTUEL;432;1
KAISE;432;1
ISERW;432;1
WISCH;432;1
NTSCH;432;2
ROZES;432;1
UNKTO;432;1
NIERT;432;1
TELLE;432;1
AISER;432;1
MICHI;433;1
SIEME;433;1
KRIEG;433;1
EUTET;433;1
PRACH;433;1
TEUFE;433;1
ROJEK;433;1
CHWAR;434;1
IGINA;435;2
RWEIS;435;1
ZIEML;436;2
SCHAU;438;2
ICHER;438;1
UMSTE;439;1
ERWEI;439;1
RKEIT;439;1
WERDE;440;1
PLEAS;440;1
UTENT;440;1
EMENT;440;1
OCKIN;440;1
KIESL;440;1
GINAL;440;1
DERZE;440;2
KÖNNE;440;1
SERWE;440;1
NGAMM;440;1
NDERN;440;3
ITTWO;440;1
FFERN;440;1
CHALT;441;1
SOLIV;441;1
SCHAF;441;0
DLING;441;1
KTION;441;1
EITER;443;2
INGER;444;2
TIGUN;445;3
ESCHI;447;1
ERFAL;447;1
UFMAN;448;1
ÖNNEN;448;1
SCHIC;448;1
UNGAM;448;1
FOLGR;448;2
UCHEG;448;1
KINGE;448;1
STAND;448;1
TSCHI;448;1
CHIBE;448;1
ERNEC;448;1
HIBEN;449;1
DEREN;449;1
FENBA;449;1
NDREA;450;3
ALLEN;450;3
IERUN;451;2
KOMME;451;0
MITAR;452;5
EHTRE;454;1
ZWISC;455;1
FEKTE;455;1
OMMEN;455;1
AFFEN;456;1
NTERN;456;1
GREIC;456;2
INDES;456;1
HAUST;456;1
LERHA;456;1
NISNO;456;2
DIATI;456;1
LIEGT;456;1
KUEHT;456;1
PIELT;456;1
AAAAA;457;7
RSCHI;457;1
ULDIG;457;1
EIBEN;457;1
NENTS;457;1
OFFEN;458;8
ELLST;458;1
ENTSC;459;2
MORGE;462;5
CHAUS;463;1
OFFNE;463;1
CHEID;463;1
ISNOT;463;2
GESCH;464;1
EUTSC;464;2
FALLE;464;3
IEREN;464;2
VALID;464;1
KARTE;464;1
USCHK;464;1
ARTET;464;1
ESTEN;464;1
SCHRE;464;1
VERSI;465;1
NIELA;468;2
BEITE;469;5
SOURC;469;3
18M04;471;1
LLSTE;471;1
STATU;471;4
ORIGI;471;2
IVERT;471;1
TTWOC;471;1
TREIB;472;1
8M046;472;1
ÄNDER;472;1
VIERT;472;1
IGUNG;472;2
FFENB;472;1
HICKE;472;1
BULGU;473;1
PROJE;473;1
ASSEN;474;5
FERTI;475;2
NFORM;475;2
UTSCH;476;2
ERSCH;476;1
ERUNG;476;1
ERHAF;478;1
ERENC;479;1
NDEST;479;1
WEIS8;479;1
RUBER;479;1
CISPW;479;1
IEGEN;480;1
TUELL;480;1
FEREN;480;1
AUFMA;480;1
LINGE;480;1
ERWET;480;1
TEPAD;480;1
DITKA;480;1
KÄHTR;480;3
BRAUC;480;1
NENNT;480;1
RFOLG;480;2
OLGRE;480;2
UELLS;481;1
DENEN;481;1
RHARD;481;1
REIBE;482;1
CHAFF;484;2
ECHTI;485;2
BIERE;487;5
LISAB;487;1
FFSKO;487;1
UVERS;487;1
CHEGG;487;1
THANK;488;1
UEHTR;488;1
HWARZ;488;1
ERDEN;488;1
EMENS;488;1
DEUTE;488;1
AKTUE;488;1
KUMEN;489;1
TAILS;489;1
MINDE;489;1
ITSDA;489;1
RANSA;490;1
DEUTS;491;2
RNEUT;491;3
RREKT;492;0
ESOUR;492;2
ALLES;495;1
SSOUR;495;1
GUNGE;495;1
LTUNG;496;1
REDIT;496;1
ESCHE;496;1
UNENT;496;1
AKTIV;496;1
EINGS;496;1
ITKAR;496;1
ORKDA;496;1
SCHÄT;496;1
ALTET;497;1
LEITE;497;1
ARKEI;497;1
RECHT;499;2
HAFFE;499;2
ERFOL;500;2
VERWE;502;1
GMANN;503;1
ROBIE;503;5
FUNKT;503;2
CENTE;503;1
ARESI;504;1
OLIVE;504;1
LESCI;504;1
WIEDE;504;1
UNKTI;504;1
LEANI;504;1
ALTUN;504;1
ANKS1;505;1
TRICK;505;1
GESAG;506;2
ANIEL;507;2
ONTRO;508;2
KHTRE;509;5
IFFSK;511;1
VERSC;511;1
UMENT;511;1
UGRIF;511;1
IONSM;511;1
DREAS;512;1
NTROL;512;1
HIEDE;512;1
SOLLT;512;1
TIANE;512;1
VERAL;512;1
CHULD;512;1
SCHWA;512;1
ANDER;512;1
TSCHE;512;0
EGGER;512;1
ALBAN;513;1
BSOLI;513;1
ISCHE;513;1
ERALT;513;1
ANSAK;514;1
NTERÄ;515;4
TRUTH;516;2
OEBEN;519;1
WETTE;519;1
FRANZ;519;1
WEGZU;519;1
SCHKA;519;1
EISCH;520;1
NDERE;520;1
HOFER;520;2
ERTIG;520;1
FMANN;520;1
ZUVER;520;1
ITCOM;520;1
DANIE;520;2
FILES;520;2
AHAHA;520;1
NSAKT;521;1
MASSE;521;1
UNGEN;521;1
SITCO;521;1
PROBI;522;5
INWIN;522;3
SCHAL;522;1
BITTE;522;3
SANDR;523;2
ITARB;525;5
CLEAN;526;2
ATRIC;526;1
ERECH;527;3
TKART;527;1
AUTHE;527;2
OUSSI;528;1
RIEGE;528;1
ETAIL;528;1
KREDI;528;1
ROLLE;528;1
ROUSS;528;1
SHEET;528;1
RHAFT;528;1
EITSD;528;1
UNTER;533;1
HEGGE;534;1
RIFFS;535;1
GRIFF;535;1
TEROR;535;1
TROUS;535;1
MMERN;536;1
HULDI;536;1
RNECE;536;1
LAUFE;536;1
AUSST;536;2
UNGMA;536;1
DESTE;536;1
SCHEI;536;2
AUFSC;536;1
NVERF;536;1
CHECK;536;1
OURCE;538;3
WINWI;540;3
TENTG;542;1
ENCES;543;1
EDLIN;543;1
JUNGA;543;1
IERTT;544;1
RFEKT;544;2
KOLLE;544;0
FFERE;544;1
RESSO;544;1
TMANN;544;1
ARBEI;544;5
WISLA;544;1
NUSCH;544;1
TTMAN;545;1
SIMON;545;1
ERFEK;547;2
OBIER;547;5
NWINW;547;3
TARTE;550;1
LDIGT;551;1
RALTE;551;1
EANIN;551;1
UNVER;551;1
EIBER;551;1
BRAIO;552;1
GERSC;552;1
INZIG;552;1
STRUT;552;2
TSDAT;552;1
KNNEN;552;1
ETRIF;552;1
RSCHÄ;552;1
EDITK;552;1
EDEUT;553;1
UBEKO;553;1
TERÄB;555;4
GRUBE;556;2
NAGEM;558;1
XPLRO;560;1
FALLN;560;1
ESSOU;560;1
RWETT;560;1
EINEN;560;1
ZUGRI;560;1
OJEKT;560;1
SNOTE;560;1
ULGUR;560;1
TRIFF;560;1
SCHUL;561;1
RFALL;561;1
RESOU;564;2
EDIAT;568;1
TOCKI;568;1
SOEBE;568;2
ERTRA;568;1
INTER;568;0
EHMEN;568;1
LECHT;568;1
EINZI;568;1
MAIL9;568;1
ESTAR;568;1
THEMA;569;1
SPRAC;569;1
ANDOR;569;1
CHEDL;569;1
RBEIT;570;5
DIFFE;572;1
THOMA;573;4
OLLEG;575;0
AGEME;576;1
TRITT;576;1
RIEDR;576;1
ANDRA;576;1
RTRAG;576;1
ICOLA;576;1
TRANS;576;1
ETTER;576;1
RBRAU;577;1
ELISA;577;1
RÄBER;580;2
EDRIC;583;3
BESCH;583;1
EREDI;584;1
0LESC;584;1
NTROU;584;1
ECHTE;584;1
ANAGE;584;2
USTRI;584;1
UFSCH;584;1
ZUBEK;584;1
IFFER;584;1
RMIER;584;1
SCISP;584;1
EMEDI;585;1
TSCHU;585;1
FOLGE;585;1
SORRY;585;1
ERÄBE;586;3
ESCIS;588;1
FERED;591;1
KÖNEN;591;1
RANZI;591;1
DABEI;591;1
TGRUP;591;1
VIBRA;592;1
ERBRA;592;1
IUMC0;592;1
OFERE;592;1
IBRAI;592;1
ANDRE;593;5
ISCHA;593;1
AUDIO;593;5
CHEIN;595;1
HÄTZ1;596;1
IEDRI;596;3
ESAGT;596;2
DARUM;598;1
SVERW;598;1
RIFFT;599;1
BARKE;599;1
RENCE;600;1
OKUME;600;1
00LES;600;1
NZURK;601;1
ECHGI;601;1
51986;605;1
STRIT;606;1
PATRI;607;1
RTALS;607;1
MANAG;608;2
GESTA;608;1
TROLL;608;1
NICOL;608;1
ITTMA;608;1
SCHED;609;1
ABSOL;609;1
LAUDI;611;5
TARBE;613;5
USNEH;614;1
ORMIE;615;1
INGSP;615;1
BARES;616;1
ERHEL;616;1
WORKD;616;1
FRIED;617;1
HINZU;619;2
TEIGE;619;2
USFAL;621;3
START;622;2
RKDAY;623;1
STEIG;623;2
RHELF;623;1
HALLO;625;1
REDIG;625;1
ENTGR;629;1
8THOM;631;1
ARTSH;631;0
VERTR;632;1
MC00L;632;1
NGSPE;632;1
TANDO;632;1
MARTS;632;0
MEDIA;633;1
AUSNE;633;1
RAUSF;634;3
EFERU;634;3
ITERH;638;1
LUKAS;639;1
UMC00;639;1
ANUSC;639;1
BEDEU;640;1
CKKUE;640;1
DIGTH;640;1
CHLEC;640;2
NTGRU;641;1
INZUR;641;1
STOCK;642;1
COUNT;646;1
NAUTE;647;1
VERBR;647;1
FORMI;648;1
HEINE;649;1
ALLO1;650;3
SPEZI;652;2
ASKED;655;1
ORDER;655;1
MIERT;655;1
GZUBE;656;1
C00LE;656;1
RICKK;656;1
BUCHE;656;1
RECHG;657;1
AUSFA;659;3
HLECH;659;2
FONTR;660;2
ISIER;661;2
FDATE;661;3
KANNS;662;2
EGZUB;663;1
FREID;664;1
FERUN;664;3
TSHEE;664;1
FSTRU;665;1
IEFER;666;3
ICKKU;671;1
KKUEH;672;1
HELLO;672;1
DOKUM;672;1
DJERI;672;2
FSCHE;672;1
TERHE;672;1
RTSHE;673;1
PERFE;673;1
AUTEN;680;2
05198;685;1
BEREC;687;3
SFALL;693;3
SLAWA;695;1
14052;695;1
EANSI;696;1
SMART;696;0
EXPLR;696;1
BETRI;696;1
ESENS;697;1
PEZIA;700;2
ANSIN;703;1
ÄMMER;703;1
TIONK;704;1
USSTE;706;2
NAAAA;711;1
DATTA;712;1
NEHME;712;1
AUDIT;712;1
01051;719;1
SENSC;719;1
DETAI;719;1
ONSMA;720;1
NSING;720;1
LISIE;720;2
KASAL;720;1
SSTEI;725;2
TZTST;727;1
INZUG;728;1
SNEHM;728;1
NSMAN;728;1
NSCHR;735;1
SALBA;735;1
ENSCH;736;1
LANG1;737;1
20200;738;1
AAUFM;744;1
GBEOK;744;1
ASALB;744;1
ISSCH;744;1
C18M0;744;1
TSTAN;744;1
ISABE;744;1
HANKS;747;2
LEANS;748;1
LIEFE;749;3
AUSTR;752;1
0SVER;753;1
WARUM;760;1
ETZTS;760;1
RSIEM;760;1
ISLAW;768;1
SDATM;769;1
SMANA;776;1
EDIGT;776;1
ERSIE;776;1
EUGNI;776;2
SSCHA;785;1
OUNTR;785;1
05196;785;1
UKASA;791;1
RUNGH;791;1
SABET;792;1
REMED;792;1
NAUTH;792;1
SIDEK;792;1
NGHAL;792;1
UGNIS;792;2
ABETH;793;1
DATEN;799;0
GNISN;800;2
MÄßIG;800;1
UTENG;800;1
RTRIC;807;1
UAAUF;808;1
F1412;809;1
10519;812;0
TENGR;815;1
ZTSTA;816;1
TIITT;816;1
EZIAL;819;2
ZIALI;824;2
RUTHH;824;1
RGJOB;824;1
GRUPB;824;1
KUAAU;830;1
ÄBERB;831;1
FALLB;832;1
BERSI;832;1
THHAL;840;1
GHALL;841;1
FUNTE;842;3
CLAUD;844;5
MTIIT;848;1
NZUGE;848;1
SCHLE;854;3
AUFGF;855;1
NOVIC;856;1
ENSCO;861;0
0NAUT;863;2
REWIN;863;1
UNTRY;864;1
IDEKI;864;1
RABE1;865;1
ZUGEF;873;1
AHCHE;879;1
BAHCH;879;1
EKICK;880;1
NZIGE;880;1
EGBEO;881;1
IONIE;881;1
NSCOM;887;0
HHALL;888;1
VERFA;888;1
UTHHA;888;1
ENGRU;888;2
TUTSH;888;1
FGFAL;895;1
UNGHA;895;1
TIONI;896;1
IITTW;896;1
BERSO;896;1
BERBA;896;1
GFALL;896;1
NGRUB;900;2
ERBAH;904;1
FKIES;904;1
MLUKA;905;1
ONIER;911;1
ARTRI;911;1
VERFV;911;1
KÄMME;912;1
ERSOL;912;1
ALISI;912;2
AUTHN;912;1
IBERS;912;1
DEKIC;919;1
MENSC;920;1
ZEUGN;924;2
WEGBE;928;1
MYSLA;929;1
TALSM;936;1
CARVE;936;1
TELLT;940;0
FFREI;944;1
MFEHL;944;1
UFGFA;945;1
RNOTE;946;1
LBARK;952;1
ALSMÄ;959;1
SSPRA;960;1
HMLUK;960;1
QUART;967;1
TBULG;969;1
YSLAW;969;1
CMDAT;973;1
OMATH;975;1
RSOLL;975;1
M046I;976;1
UBERS;977;1
ORGCO;977;1
ORGJO;983;0
BVERB;984;1
URCER;984;1
RESOR;984;1
046IU;984;1
ROORE;984;1
ALLBA;985;1
ARTAL;991;1
LURLA;992;1
HOMAT;993;1
UARTA;998;1
ORORD;1000;1
SIESI;1007;1
PWSMA;1008;1
ERESO;1008;1
WSMAR;1016;1
DATMU;1017;1
FDJER;1021;2
LROOR;1023;1
AILSH;1024;1
MDATA;1029;1
CATIC;1031;1
PARTR;1031;1
EMYSL;1032;1
IALIS;1032;2
GERHA;1036;2
LLBAR;1039;1
FNEEN;1040;1
ESORE;1048;1
MATHO;1048;1
BHMLU;1048;1
ELLTS;1050;1
RLURL;1070;1
ILSHA;1071;1
LSMÄß;1072;1
ORESO;1079;1
PROVI;1080;1
SHALL;1080;1
ENNEN;1081;1
ATHOM;1087;1
SORES;1087;1
ATRPA;1089;1
ROVID;1089;1
NEENB;1096;1
URLUR;1096;1
LSHAL;1096;1
LEDLI;1097;1
PLROO;1103;1
IERTF;1104;1
HCMDA;1107;1
EIIED;1108;2
RCERE;1120;1
INOVI;1120;1
TTAND;1121;1
ERTFU;1121;1
GLOBA;1127;2
REIIE;1128;1
FFNEE;1128;1
TRPAT;1128;1
CERES;1128;1
CMFEH;1128;1
WEISA;1139;5
ORDNE;1144;3
REISC;1144;1
APRIL;1145;1
GITIG;1151;1
46IUM;1152;1
ITIGU;1152;1
ÖNENN;1153;1
ATMUM;1158;1
IONKA;1168;1
NENNE;1168;1
TFUNK;1176;1
VTEES;1177;1
ONKAN;1178;1
CHCMF;1183;1
HCMFE;1184;1
FREIS;1184;1
CHGIT;1185;1
HGITI;1193;1
CHLES;1199;1
IIEDR;1199;2
6IUMC;1208;1
SMÄßI;1208;1
00303;1224;2
HLESE;1239;1
REIDE;1241;1
THNEN;1241;1
NKANN;1241;1
RFVER;1241;1
THEEN;1247;1
RTFUN;1247;1
UTHNE;1248;1
ERFVE;1248;1
EIDEI;1250;1
PBERE;1254;1
FVERF;1255;1
EENBA;1256;1
20030;1259;2
RBAHC;1263;1
UPBUB;1264;1
UTHEE;1264;1
02003;1270;2
RUPBU;1272;1
DTEST;1273;1
ODERA;1279;1
SSORR;1279;1
AIL99;1280;1
APBER;1287;1
RPATR;1288;1
SVTEE;1290;1
EWINW;1296;1
RORDN;1319;2
IOTIO;1320;1
OUOUT;1329;1
OTION;1336;1
GEFFG;1337;1
7HEUT;1337;1
STANT;1344;1
FREII;1345;1
PBUBE;1351;1
HCMCS;1352;1
SAPBE;1360;1
ACLEA;1363;1
04915;1368;1
CMCSV;1384;1
EFFGT;1385;1
ATACL;1386;1
AIOTI;1400;1
RDNER;1405;2
RAIOT;1408;1
UGEFF;1424;1
00049;1424;1
NBHML;1433;1
INSIN;1447;1
VLEIT;1448;1
TACLE;1451;1
JOBDE;1464;1
00491;1480;1
REBIN;1480;1
EIIES;1480;1
CSVTE;1488;1
OBDET;1488;1
DATAC;1495;1
NENGR;1505;1
NHOFE;1512;1
GJOBD;1512;0
NINSI;1529;1
MUSSD;1536;1
BDETA;1544;1
DNNOC;1552;1
ERHAL;1553;1
MIDNN;1554;1
ANINS;1566;1
SING5;1570;1
NGERH;1576;1
ERORD;1584;1
NNOCH;1600;1
GAMMM;1616;1
IDNNO;1617;1
KBEKO;1623;1
PMGPM;1624;1
RHALL;1625;1
MMMAN;1625;1
AMMMA;1630;1
ARZTT;1631;1
RZTTZ;1639;1
GPMGP;1639;1
MMANN;1640;1
EPIEL;1655;1
RKBEK;1656;1
ING52;1667;1
URKBE;1688;1
DEIIE;1703;1
GPHAL;1703;1
ZURKB;1711;1
LVLEI;1714;1
PEPIE;1753;1
PHALL;1776;1
NSCHE;1777;1
ZZZZZ;1792;0
SPEPI;1800;1
STTES;1808;1
TANTT;1823;1
KZUGR;1833;1
TTEST;1840;1
TESTT;1840;1
ESELI;1856;1
IDEII;1863;1
NTTAN;1872;1
ESTTE;1872;1
60105;1873;1
ANTTA;1881;1
LSODI;1889;1
HNENG;1895;1
ALSOD;1904;1
GSPEP;1913;1
ERTTß;1927;1
19601;1929;1
51960;1935;1
52202;1944;1
IBENE;1945;1
22020;1951;1
96010;1952;1
HCMCH;1957;1
MCHCM;1971;1
CRAUS;1984;1
CMCHC;1990;1
LINOV;2000;1
0303S;2008;1
NEBEN;2032;1
BENEB;2039;1
CCHCM;2051;1
CKCHC;2056;1
RICKC;2064;1
DERAA;2072;1
03SAP;2080;1
ICKCH;2081;1
PRSZZ;2081;1
UTSHS;2087;1
ENEBE;2088;1
KCHCM;2096;1
VFREI;2119;1
SELIN;2144;1
ZEMYS;2151;1
303SA;2193;1
MCSVT;2223;1
ELINO;2256;1
EEINZ;2264;1
CHCMD;2281;1
TVIER;2312;1
HSALL;2336;1
ERTVI;2345;1
RTVIE;2393;1
VERTV;2399;1
ICHTE;2473;1
ERAAA;2616;1
GGPHA;2640;1
3SAPB;2665;1
MENSO;2703;1
ENSOC;2705;1
MMENS;2768;1
TSHSA;2776;1
97HEU;2808;1
SZZEM;2833;1
SHSAL;2841;1
197HE;2872;1
22907;2888;1
RSZZE;2896;1
ZZEMY;2911;1
NG522;3083;1
INALO;3087;1
G5220;3108;1
ALORI;3136;1
NALOR;3145;1
LORIG;3160;1
RICKA;3176;1
CKAND;3224;1
ICKAN;3232;1
RAAAA;3263;1
NGERB;3281;1
DIEIC;3312;1
Z2020;3320;1
KANDR;3327;1
LJDSM;3344;1
ERBAR;3377;1
GERBA;3391;1
RBARE;3400;0
ERNND;3408;1
UTHE1;3448;1
THE14;3480;1
RNNDE;3511;1
UDITK;3527;1
DERNN;3528;1
NNDER;3529;1
HE140;3576;1
E1405;3584;1
NWARU;3856;1
AAAAL;3920;1
HOPFS;4017;1
FSCHO;4032;1
OPFSC;4096;1
PFSCH;4103;1
CRNOT;4120;1
ACRNO;4312;1
HLERC;4329;1
EIS81;4400;1
XFUNT;4512;1
LERCL;4585;1
ERCLA;4639;1
RCLAU;4640;1
DITKZ;4736;1
REITI;4759;1
EITIN;4791;1
ITKZU;4793;1
TKZUG;4808;1
TINFO;4856;1
ITINF;4894;1
IS810;5159;1
S8109;5248;1
ZSVER;5504;1
NNLEV;6512;1
MANAC;9330;1
MANAF;9637;1
AFDAT;9798;1
ANAFD;9816;1
NAFDA;9830;1
NAFDA;9830;1
VCVCV;10519;1
VCVCV;10519;1
SDLJT;10624;1
SDLJT;10624;1
CVCVC;12821;1
CVCVC;12821;1
DERNV;13552;1
DERNV;13552;1
DATED;14935;1
DATED;14935;1
TEDAT;14953;1
TEDAT;14953;1
ATEDA;14966;1
ATEDA;14966;1
EISAD;16120;1
EISAD;16120;1
